CREATE TABLE role_tbl (
    id INT AUTO_INCREMENT PRIMARY KEY,
    name VARCHAR(100) NOT NULL UNIQUE,    -- ูุซู "Admin", "ManagerFinance"
    description TEXT,
    created_at TIMESTAMP DEFAULT CURRENT_TIMESTAMP
);

CREATE TABLE permission_tbl (
    id INT AUTO_INCREMENT PRIMARY KEY,
    code VARCHAR(100) NOT NULL UNIQUE,    -- ูุซู: USER_MANAGE, UPLOAD_DATA
    name VARCHAR(100) NOT NULL,           -- ุนููุงู ูุงุฑุณ ูุซู "ูุฏุฑุช ฺฉุงุฑุจุฑุงู"
    description TEXT,
    created_at TIMESTAMP DEFAULT CURRENT_TIMESTAMP
);

CREATE TABLE user_permission_tbl (
    id INT AUTO_INCREMENT PRIMARY KEY,
    user_id INT NOT NULL,
    permission_id INT NOT NULL,
    grant_type ENUM('ALLOW', 'DENY') DEFAULT 'ALLOW',  -- ููุน ูุฌูุฒ: ูุฌุงุฒ ุง ููููุน
    FOREIGN KEY (user_id) REFERENCES user_tbl(id) ON DELETE CASCADE,
    FOREIGN KEY (permission_id) REFERENCES permission_tbl(id) ON DELETE CASCADE,
    UNIQUE (user_id, permission_id)
);

CREATE TABLE role_permission_tbl (
    id INT AUTO_INCREMENT PRIMARY KEY,
    role_id INT NOT NULL,
    permission_id INT NOT NULL,

    FOREIGN KEY (role_id) REFERENCES role_tbl(id) ON DELETE CASCADE,
    FOREIGN KEY (permission_id) REFERENCES permission_tbl(id) ON DELETE CASCADE,

    UNIQUE (role_id, permission_id)  -- ุฌููฺฏุฑ ุงุฒ ุชฺฉุฑุงุฑ
);

INSERT INTO role_tbl (id, name, description) VALUES
(1, 'Admin', 'ุฏุณุชุฑุณ ฺฉุงูู ุจู ููู ูุงฺููโูุง'),
(2, 'SalesManager', 'ูุฏุฑ ูุฑูุด - ุฏุณุชุฑุณ ููุท ุจู ูุงฺููโูุง ูุฑูุด'),
(3, 'FinanceManager', 'ูุฏุฑ ูุงู - ุฏุณุชุฑุณ ุจู ูุงฺููโูุง ูุงู ู ฺฏุฒุงุฑุดโูุง'),
(4, 'SalesAgent', 'ุจุงุฒุงุฑุงุจ - ุฏุณุชุฑุณ ูุญุฏูุฏ ุจุฑุง ุซุจุช ูุดุชุฑ ู ุงุฑุณุงู ุงุทูุงุนุงุช');

INSERT INTO permission_tbl (id, code, name, description) VALUES
(1, 'USER_MANAGE', 'ูุฏุฑุช ฺฉุงุฑุจุฑุงู', 'ุงุฌุงุฏุ ุญุฐู ู ูุฑุงุด ฺฉุงุฑุจุฑุงู ุณุณุชู'),
(2, 'CUSTOMER_SCAN', 'ุงุณฺฉู ูุดุชุฑุงู ูุณุฑ', 'ุฏุณุชุฑุณ ุจู ูุงฺูู ุจุงุฒุฑุณ ู ุงุณฺฉู ูุดุชุฑ'),
(3, 'UPLOAD_DATA', 'ุงุฑุณุงู ุงุทูุงุนุงุช', 'ุงูฺฉุงู ุงุฑุณุงู ุฏุงุฏูโูุง ุซุจุช ูุดุฏู'),
(4, 'NEW_CUSTOMER', 'ุงูุฒูุฏู ูุดุชุฑ ุฌุฏุฏ', 'ุฏุณุชุฑุณ ุจู ุซุจุช ูุดุชุฑ ุฌุฏุฏ'),
(5, 'COMPETITOR_PRICES', 'ููุช ุฑูุจุง', 'ูุดุงูุฏู ู ุซุจุช ููุช ุฑูุจุง'),
(6, 'FINANCE_REPORTS', 'ฺฏุฒุงุฑุดุงุช ูุงู', 'ูุดุงูุฏู ฺฏุฒุงุฑุดุงุช ูุงู'),
(7, 'VIEW_DASHBOARD', 'ุฏุงุดุจูุฑุฏ ูุฏุฑุช', 'ููุงุด ุฎูุงุตู ูุถุนุช ฺฉู ุณุณุชู');

INSERT INTO role_permission_tbl (role_id, permission_id)
SELECT 1, id FROM permission_tbl;


-- ๐น SalesManager
INSERT INTO role_permission_tbl (role_id, permission_id) VALUES
(2, 2), (2, 3), (2, 4), (2, 5), (2, 7);

-- ๐น FinanceManager
INSERT INTO role_permission_tbl (role_id, permission_id) VALUES
(3, 3), (3, 6), (3, 7);

-- ๐น SalesAgent
INSERT INTO role_permission_tbl (role_id, permission_id) VALUES
(4, 2), (4, 3), (4, 4);


SELECT 1
    FROM permission_tbl p
    WHERE p.code = 1
      AND (
          p.id IN (
              SELECT permission_id
              FROM role_permission_tbl rp
              JOIN user_tbl u ON rp.role_id = u.role_id
              WHERE u.id = 1
          )
          OR p.id IN (
              SELECT permission_id
              FROM user_permission_tbl
              WHERE user_id = 1 AND grant_type = 'ALLOW'
          )
      )
      AND p.id NOT IN (
          SELECT permission_id
          FROM user_permission_tbl
          WHERE user_id = 1 AND grant_type = 'DENY'
      )
    LIMIT 1;